h,b,med_prop,mean_prop,sd_prop
1e-5,1.5,0.8937,0.8982606888888889,0.026950384615253252
1e-5,2,0.3997,0.4300210666666667,0.12192883152144869
1e-4,1.5,0.5327500000000001,0.5549444666666666,0.09598008363854019
1e-4,2,0.147,0.19018030844881537,0.11471289276066904
